id,name,email
1,Darrell,dleddy0@admin.ch
2,Dugald,dburdass1@ezinearticles.com
3,Merola,mmasters2@ocn.ne.jp
4,Leroi,lsimonel3@nyu.edu
5,Jenda,jconaboy4@youtube.com
6,Melita,meads5@dagondesign.com
7,Barbaraanne,bhoolaghan6@ihg.com
8,Garik,geykelbosch7@cbc.ca
9,Austine,aearwicker8@cloudflare.com
10,Antonino,ayusupov9@google.ca
11,Gratiana,gbattiea@army.mil
12,Maitilde,mbirkenheadb@ft.com
13,Katerina,kgolbournc@blogtalkradio.com
14,Eziechiele,ebiggansd@exblog.jp
15,Doreen,datkynse@netvibes.com
16,Mickie,mbanghef@tmall.com
17,Kamilah,kpeacockg@amazon.co.uk
18,Leland,lphilipponh@ycombinator.com
19,Desiri,dmaplethorpi@gov.uk
20,Troy,trobinettej@pen.io
21,Mareah,mlauchlank@hatena.ne.jp
22,Ashton,amackimml@merriam-webster.com
23,Krystalle,kbaptistm@ocn.ne.jp
24,Marline,mtweedlien@livejournal.com
25,Ave,anollio@pcworld.com
26,Anetta,aostridgep@is.gd
27,Aime,aastyq@usgs.gov
28,Shurlock,smouthr@cnbc.com
29,Seymour,sfegans@irs.gov
30,Garvy,gleebettert@pcworld.com
31,Rosco,rlangmuiru@cam.ac.uk
32,Gisella,gantczakv@newyorker.com
33,Annabelle,abootmanw@networkadvertising.org
34,Deana,dbiscox@example.com
35,Rozanna,rwainwrighty@indiatimes.com
36,Angelika,abromeheadz@dailymail.co.uk
37,Nomi,nlinggood10@gizmodo.com
38,Symon,sbiesterfeld11@github.io
39,Phoebe,pmassingberd12@army.mil
40,Fredericka,fohartigan13@taobao.com
41,Ingrim,iroyden14@ning.com
42,Michaella,mramberg15@webeden.co.uk
43,Vasili,vhelliar16@rediff.com
44,Timmy,tsawbridge17@dailymail.co.uk
45,Colette,cscurlock18@cloudflare.com
46,Sholom,sivatts19@usda.gov
47,Vasilis,vhavard1a@blogs.com
48,Elnora,ephifer1b@sina.com.cn
49,Hal,hmudle1c@yahoo.com
50,Reggis,rtocher1d@sun.com
51,Agatha,asurmon1e@ftc.gov
52,Stace,sschurcke1f@google.pl
53,Nerte,nmcleish1g@biblegateway.com
54,Elsa,egert1h@purevolume.com
55,Abrahan,amitchard1i@google.es
56,Gussi,gsquire1j@toplist.cz
57,Carly,cballston1k@telegraph.co.uk
58,Aimee,asyer1l@youtube.com
59,Jeannette,jborley1m@abc.net.au
60,Janek,jrozier1n@vistaprint.com
61,Pail,pfacchini1o@smugmug.com
62,Jessa,jrodd1p@wikia.com
63,Jo-ann,jmucklow1q@reference.com
64,Gwyn,gbicknell1r@technorati.com
65,Nikki,nfurley1s@blogspot.com
66,Elbertina,ejohann1t@wikia.com
67,Berty,btal1u@prnewswire.com
68,Garrott,gglavias1v@engadget.com
69,Erin,eshreeve1w@ucoz.ru
70,Jozef,jriglesford1x@latimes.com
71,Stephannie,slightewood1y@hexun.com
72,Mortie,mtillyer1z@taobao.com
73,Moll,mviger20@freewebs.com
74,Mitchael,msueter21@noaa.gov
75,Rebecca,rmorrieson22@howstuffworks.com
76,Pamelina,pchalloner23@edublogs.org
77,Darsie,dbrackenbury24@about.me
78,Chevy,crobyns25@friendfeed.com
79,Wilmer,wjochens26@wikimedia.org
80,Jobi,jtilney27@webs.com
81,Celestine,cmansford28@nationalgeographic.com
82,Perle,pkilbey29@ed.gov
83,Veriee,vaherne2a@ask.com
84,Helaine,hagastina2b@nba.com
85,Erminia,ekitchenman2c@cornell.edu
86,Merralee,mtiplady2d@xing.com
87,Mariam,mbrookes2e@cam.ac.uk
88,Nolie,nfuge2f@hp.com
89,Derrek,drollings2g@nps.gov
90,Genni,gblondin2h@skype.com
91,Archibold,aposten2i@ibm.com
92,Addie,arendle2j@jimdo.com
93,Flossi,fsmyley2k@ezinearticles.com
94,Celia,cjowling2l@globo.com
95,Merissa,mantonijevic2m@cnbc.com
96,Bobinette,bcrankshaw2n@telegraph.co.uk
97,Aurea,adornan2o@github.io
98,Hurlee,hcobain2p@chronoengine.com
99,Roy,rrilton2q@is.gd
100,Reena,rmorales2r@technorati.com
101,Hardy,hcristobal2s@canalblog.com
102,Howey,hmcneill2t@salon.com
103,Rouvin,rwaliszek2u@sciencedaily.com
104,Melvin,mcawcutt2v@google.com
105,Gayelord,gmcness2w@berkeley.edu
106,Kelsi,ksemorad2x@creativecommons.org
107,Eleonore,emayberry2y@cnn.com
108,Allis,apala2z@spiegel.de
109,Margaux,mbarnewille30@java.com
110,Goraud,gbanks31@statcounter.com
111,Vallie,vcroft32@arstechnica.com
112,Harland,hattle33@livejournal.com
113,Lynda,lpencost34@lulu.com
114,Janeczka,jbernardon35@cyberchimps.com
115,Hercule,hgobbett36@biblegateway.com
116,Norma,nspinage37@addthis.com
117,Dean,dmorgans38@addtoany.com
118,Garey,godonnelly39@ask.com
119,Elset,eeldredge3a@wisc.edu
120,Ario,amayman3b@lycos.com
121,Lyssa,lbrownjohn3c@bluehost.com
122,Godfrey,gpridham3d@uol.com.br
123,Cirillo,cfassmann3e@t-online.de
124,Ardra,akiellor3f@bandcamp.com
125,Jock,jpetrina3g@prlog.org
126,Locke,lgian3h@nydailynews.com
127,Arri,ahawking3i@reference.com
128,Tomkin,tclappison3j@mtv.com
129,Bebe,bkarchowski3k@about.me
130,Paxton,palessandrini3l@google.de
131,Auberon,abiermatowicz3m@eepurl.com
132,Angela,alenden3n@jalbum.net
133,Briggs,bargyle3o@csmonitor.com
134,Lona,lelwel3p@pcworld.com
135,Sonja,shaddick3q@t-online.de
136,Filide,fgalvin3r@storify.com
137,Matthus,mwinfindine3s@npr.org
138,Patrick,pcosyns3t@paypal.com
139,Nathanael,nyandle3u@cnet.com
140,Antonietta,apillington3v@free.fr
141,Pearl,pdecristofalo3w@indiatimes.com
142,Aldric,aturk3x@tinypic.com
143,Kaitlin,kmatveyev3y@census.gov
144,Park,pdelamere3z@apache.org
145,Kerr,ksketchley40@icio.us
146,Laurice,lseint41@eventbrite.com
147,Anthia,aweond42@upenn.edu
148,Chalmers,crubega43@opera.com
149,Eyde,ewhyley44@ocn.ne.jp
150,Dorice,debbrell45@tumblr.com
151,Jedidiah,jjaquiss46@aol.com
152,Marco,mtarry47@joomla.org
153,Carmella,ckitt48@so-net.ne.jp
154,Ursala,uvalentine49@bloglovin.com
155,Reid,rtwamley4a@wired.com
156,Mandy,mpoll4b@disqus.com
157,Land,lpestridge4c@eepurl.com
158,Aurelea,amacgill4d@tinypic.com
159,Shana,sbentame4e@studiopress.com
160,Terrill,transcome4f@netscape.com
161,Claudius,ckarleman4g@hostgator.com
162,Britt,bmarshland4h@mac.com
163,Abbi,akillby4i@livejournal.com
164,Guthry,gbedingfield4j@wp.com
165,Randall,ralban4k@angelfire.com
166,Maximo,mdickey4l@pagesperso-orange.fr
167,Gracie,ginsole4m@narod.ru
168,Husein,hilem4n@meetup.com
169,Werner,wpyott4o@admin.ch
170,Devlin,dbowhay4p@irs.gov
171,Junina,jfourcade4q@webmd.com
172,Germaine,ggristhwaite4r@eventbrite.com
173,Saw,smcnelis4s@deviantart.com
174,Giovanna,gmaunton4t@parallels.com
175,Moyna,mzuker4u@upenn.edu
176,Cordey,criatt4v@google.co.uk
177,Albrecht,akick4w@bloglovin.com
178,Valene,vfealy4x@wired.com
179,Henrik,hbattlestone4y@google.com.au
180,Retha,respley4z@cbslocal.com
181,Allison,aflieg50@gravatar.com
182,Averell,amuggleston51@so-net.ne.jp
183,Eadmund,edukes52@simplemachines.org
184,Bibby,bmea53@howstuffworks.com
185,Quint,qsiemons54@netscape.com
186,Piotr,pdadley55@reuters.com
187,Nevile,nmalatalant56@nature.com
188,Cati,ctirone57@biglobe.ne.jp
189,Bruce,bhedditch58@microsoft.com
190,Latia,lrennock59@cnet.com
191,Elspeth,efeake5a@indiatimes.com
192,Ethelred,equantrill5b@zimbio.com
193,Lewes,lpaliser5c@slashdot.org
194,Correy,ckalvin5d@php.net
195,Debee,dmacaleese5e@disqus.com
196,Alvin,aspadoni5f@jiathis.com
197,Gabriela,gmingey5g@dyndns.org
198,Matthew,mfivey5h@aol.com
199,Gabbie,geastham5i@google.co.uk
200,Phelia,plouden5j@imdb.com
201,Leslie,lpuckinghorne5k@canalblog.com
202,Artemis,aordidge5l@chicagotribune.com
203,Nannette,ndruce5m@examiner.com
204,Kare,kmcarthur5n@icq.com
205,Salmon,sallewell5o@patch.com
206,Andie,abenard5p@cornell.edu
207,Giordano,gyesson5q@mit.edu
208,Manny,mdalton5r@oracle.com
209,Byron,bkidwell5s@weebly.com
210,Siward,smuskett5t@earthlink.net
211,Frans,fschottli5u@miibeian.gov.cn
212,Devinne,dblamphin5v@sogou.com
213,Tamarah,tamey5w@twitpic.com
214,Donna,dmoar5x@joomla.org
215,Brina,bnoice5y@usnews.com
216,Linet,lbelvin5z@about.com
217,Alric,abehninck60@ed.gov
218,Humfried,hspurden61@loc.gov
219,Siegfried,sheersema62@weebly.com
220,Elie,elargent63@issuu.com
221,Alexandr,alain64@gnu.org
222,Mala,mnoble65@sogou.com
223,Laural,lartin66@alibaba.com
224,Gerti,gcolrein67@thetimes.co.uk
225,Nara,ntagg68@shareasale.com
226,Adiana,agrinvalds69@joomla.org
227,Eustacia,ebreffit6a@nytimes.com
228,Francois,fbonifant6b@abc.net.au
229,Dodie,ddenisevich6c@hc360.com
230,Fianna,fjori6d@toplist.cz
231,Shay,sfraney6e@nba.com
232,Antoni,afarnaby6f@google.it
233,Joycelin,jlawrance6g@ebay.com
234,Kathrine,khiley6h@wiley.com
235,Clarinda,crucklidge6i@wikispaces.com
236,Reagan,rsalmond6j@zimbio.com
237,Cristen,cmarkwell6k@photobucket.com
238,Quintilla,qfindley6l@fastcompany.com
239,Wayne,wdufaur6m@naver.com
240,Tressa,tiacovolo6n@nationalgeographic.com
241,Guss,gelphey6o@drupal.org
242,Robena,rporch6p@washingtonpost.com
243,Christi,cderwin6q@cnet.com
244,Stephan,sboorman6r@ezinearticles.com
245,Olin,obabb6s@dmoz.org
246,Sibelle,sreily6t@topsy.com
247,Guthrie,gelliff6u@hatena.ne.jp
248,Dollie,dsalsbury6v@globo.com
249,Seana,smcpake6w@go.com
250,Tony,tmacronald6x@blogs.com
251,Hube,hbentinck6y@taobao.com
252,Zarah,zmiddell6z@va.gov
253,Clemente,cwincom70@mozilla.com
254,Deedee,dprinne71@eepurl.com
255,Margaret,mquinsee72@uiuc.edu
256,Nickolas,nbrunelli73@live.com
257,Michaella,msturgeon74@multiply.com
258,Evvie,emorrissey75@rakuten.co.jp
259,Caria,cmacbrearty76@intel.com
260,Isador,iwhiteson77@illinois.edu
261,Dorian,dwigfield78@mlb.com
262,Myrtie,mclackson79@aboutads.info
263,Willy,wtrue7a@unicef.org
264,Betteanne,bnoore7b@spiegel.de
265,Court,cyendall7c@imageshack.us
266,Jacques,jdavy7d@fc2.com
267,Kendrick,ktippings7e@google.co.jp
268,Marylin,mzorzi7f@eventbrite.com
269,Vivi,varonoff7g@wikipedia.org
270,Friedrich,fvispo7h@cdbaby.com
271,Martita,mreinbeck7i@cdbaby.com
272,Gregor,gtrayford7j@soup.io
273,Omero,onewark7k@msn.com
274,Lilli,lwhaymand7l@sbwire.com
275,Hastie,hshowering7m@live.com
276,Zeb,zmendonca7n@google.com.au
277,Anstice,acutteridge7o@unesco.org
278,Guillermo,gyitzovitz7p@google.cn
279,Verne,vtreleaven7q@slideshare.net
280,Katuscha,kleftwich7r@fc2.com
281,Em,ewithers7s@wordpress.org
282,Helyn,hhawe7t@wp.com
283,Felita,fenglishby7u@chron.com
284,Chico,carger7v@ebay.com
285,Xylina,xwoolward7w@adobe.com
286,Latashia,llonghurst7x@ezinearticles.com
287,Mame,mgniewosz7y@canalblog.com
288,Jada,jbeauchop7z@goodreads.com
289,Suzann,slaye80@alibaba.com
290,Whitney,wplayford81@un.org
291,Lewes,lfackney82@livejournal.com
292,Rebekah,rclausewitz83@de.vu
293,Mirelle,mgomes84@wisc.edu
294,Karole,karonin85@admin.ch
295,Jinny,jmcnamee86@cam.ac.uk
296,Juliette,jseeley87@buzzfeed.com
297,Arlene,apellman88@weibo.com
298,Norri,nmathieu89@typepad.com
299,Jone,jiredell8a@unicef.org
300,Winne,wmauser8b@technorati.com
301,Rich,rsange8c@yahoo.com
302,Kendrick,kdinwoodie8d@example.com
303,Christophorus,chousden8e@last.fm
304,Sutherlan,sfiennes8f@hp.com
305,Gonzalo,gskentelbury8g@columbia.edu
306,Ron,rredihough8h@prlog.org
307,Clo,cwannes8i@blogtalkradio.com
308,Madeline,mannatt8j@alibaba.com
309,Jo,jwitton8k@issuu.com
310,Michael,mmcmillam8l@utexas.edu
311,Benedetto,bmccooke8m@ycombinator.com
312,Morlee,measom8n@cargocollective.com
313,Oneida,obonnar8o@icio.us
314,Dodie,dbansal8p@dropbox.com
315,Way,wkassidy8q@parallels.com
316,Luelle,lmeffen8r@stanford.edu
317,Belia,bhalle8s@baidu.com
318,Fons,fbentham8t@narod.ru
319,Noreen,ncaramuscia8u@tinypic.com
320,Malia,mguillard8v@godaddy.com
321,Joeann,jmcgibbon8w@sina.com.cn
322,Elmo,epach8x@multiply.com
323,Lynnett,ldigiorgio8y@vimeo.com
324,Olvan,owootton8z@simplemachines.org
325,Josefina,jmathet90@bigcartel.com
326,Terrill,tgorrissen91@mail.ru
327,Marna,mhay92@bbb.org
328,Laurence,lmilius93@wunderground.com
329,Glyn,gmcmurthy94@msn.com
330,Devondra,delfe95@mysql.com
331,Tresa,tmeus96@dot.gov
332,Gareth,gpere97@cam.ac.uk
333,Jared,jmatysik98@so-net.ne.jp
334,Mischa,mdrance99@uol.com.br
335,Libbey,lboughtflower9a@pbs.org
336,Jule,jmckain9b@blogger.com
337,Wald,walwin9c@arstechnica.com
338,Rahel,rgisbye9d@shutterfly.com
339,Pamela,pmapother9e@barnesandnoble.com
340,Dean,dfeldbau9f@simplemachines.org
341,Constanta,cgrishukov9g@intel.com
342,Dorie,ddarell9h@forbes.com
343,Guilbert,gstrut9i@biglobe.ne.jp
344,Drake,dmilley9j@newsvine.com
345,Faun,fmartinelli9k@go.com
346,Susann,sshakesby9l@walmart.com
347,Willamina,wrippen9m@aol.com
348,Millisent,mtorricella9n@so-net.ne.jp
349,Rogerio,rskeete9o@discovery.com
350,Tilda,tmcneillie9p@booking.com
351,Sheri,swinterscale9q@is.gd
352,Caddric,ccrafts9r@amazon.co.jp
353,Freda,fbirkbeck9s@bbc.co.uk
354,Kamillah,kspehr9t@ca.gov
355,Conway,ctrounson9u@soundcloud.com
356,Archibold,acervantes9v@dot.gov
357,Quintilla,qjosefowicz9w@uol.com.br
358,Vaclav,vscading9x@multiply.com
359,Dunc,ddraude9y@nps.gov
360,Eudora,elivezley9z@soundcloud.com
361,Fan,failmera0@jalbum.net
362,Jerry,jforresta1@diigo.com
363,Muffin,mciania2@w3.org
364,Obadias,ofairbanka3@posterous.com
365,Drusy,dchiltona4@slashdot.org
366,Chandler,cportinaria5@nydailynews.com
367,Rufe,rgomana6@digg.com
368,Sarette,scircuitta7@sohu.com
369,Kalvin,kknatha8@disqus.com
370,Karen,kvaina9@wired.com
371,Dido,dgeekinaa@desdev.cn
372,Sallyanne,shurlstonab@skyrock.com
373,Pieter,pvanesac@feedburner.com
374,Norry,nocorrinad@nasa.gov
375,Kendell,kpaolucciae@admin.ch
376,Husain,hmucilloaf@cam.ac.uk
377,Franny,fcoatmanag@amazonaws.com
378,Micky,mcocklandah@techcrunch.com
379,Kalli,kbarfieldai@yale.edu
380,Harriette,hodoaj@uiuc.edu
381,Rosaline,rroundtreeak@vk.com
382,Lani,lchestnuttal@umich.edu
383,Tris,tbeagleholeam@bloomberg.com
384,Catlee,cbauldan@nydailynews.com
385,Sheri,smckeurtonao@techcrunch.com
386,Shelley,smandresap@bloglovin.com
387,Ailyn,amcgreayaq@cnbc.com
388,Clemens,cleserar@oakley.com
389,Lucius,lmanshawas@sitemeter.com
390,Cassandre,cdunbletonat@sciencedirect.com
391,Chaunce,cwoodingtonau@issuu.com
392,Branden,bsheafav@webeden.co.uk
393,Vinni,vsomerfieldaw@1688.com
394,Derrick,dskydallax@vk.com
395,Leah,lvoakay@scientificamerican.com
396,Dusty,dpuddingaz@purevolume.com
397,Alvie,asterlandb0@seattletimes.com
398,Lynnett,lrymerb1@cam.ac.uk
399,Herc,hsibthorpeb2@purevolume.com
400,Rycca,rboeterb3@free.fr
401,Jemimah,jfinlasonb4@shinystat.com
402,Moritz,mflancinbaumb5@seattletimes.com
403,Riobard,rheadanb6@lulu.com
404,Willdon,wbenoitb7@oracle.com
405,Cristina,cpimblottb8@indiegogo.com
406,Wallace,wtrassb9@huffingtonpost.com
407,Burt,bklugerba@nhs.uk
408,Padget,pmaskallbb@apache.org
409,Glyn,gcarlonbc@icio.us
410,Noll,nrolleybd@nasa.gov
411,Jo,jkenderbe@instagram.com
412,Griffie,gswashbf@ustream.tv
413,Sibylle,sstandevenbg@tripadvisor.com
414,Timmy,tdufourbh@deviantart.com
415,Lorelei,lhaymesbi@shareasale.com
416,Hort,hyantsurevbj@istockphoto.com
417,Alleyn,asoppethbk@nih.gov
418,Hunt,hgrevillebl@tamu.edu
419,Maura,madamollibm@uol.com.br
420,Lincoln,lballochbn@twitter.com
421,Erie,eclemittbo@wisc.edu
422,Eve,earbucklebp@mediafire.com
423,Morley,mhuebnerbq@bbc.co.uk
424,Vannie,vlittlejohnbr@businesswire.com
425,Morie,mtebbutbs@goodreads.com
426,Bartlet,bcasillasbt@theatlantic.com
427,Deeann,dsumnerbu@who.int
428,Ianthe,iiacomellibv@answers.com
429,Shelia,skoppensbw@bandcamp.com
430,Miguelita,mtraillbx@ca.gov
431,Terrye,ttollfreeby@technorati.com
432,Christabella,cespinalbz@weather.com
433,Ardys,acardenosac0@wikia.com
434,Matthias,mbarlthropc1@slate.com
435,Nadeen,ngregorettic2@businesswire.com
436,Marta,mlackiec3@abc.net.au
437,Jefferey,jvannozziic4@ezinearticles.com
438,Way,wtulipc5@deviantart.com
439,Urban,ucaddc6@youku.com
440,Allan,adunsirec7@theatlantic.com
441,Hallsy,hferenczic8@accuweather.com
442,Magdalen,mdenisyukc9@icq.com
443,Sinclare,shurlestonca@histats.com
444,Sandy,sgedgecb@altervista.org
445,Nahum,njuanescc@vk.com
446,Lottie,lyoungcd@ihg.com
447,Michaela,mdibnahce@xing.com
448,Bud,bcolthardcf@reference.com
449,Daune,ddaintercg@fda.gov
450,Jervis,jwebbench@columbia.edu
451,Angeline,aigonetci@freewebs.com
452,Granville,gbrandincj@smugmug.com
453,Miran,mcastelynck@studiopress.com
454,Dollie,dkilliamcl@mayoclinic.com
455,Peta,pfladgatecm@mysql.com
456,Adriena,acockleycn@fda.gov
457,Gavin,gdowningco@booking.com
458,Candide,cbraxtoncp@ameblo.jp
459,Abdul,aghironcq@studiopress.com
460,Moreen,mdumphriescr@t.co
461,Shanon,scutillcs@godaddy.com
462,Ermin,ecolesct@gnu.org
463,Leland,lbenniecu@lycos.com
464,Rene,rmacinerneycv@yellowbook.com
465,Andres,aschermickcw@pagesperso-orange.fr
466,Ginevra,gswadlincx@newsvine.com
467,Alicia,amilmithcy@adobe.com
468,Hill,hsaylescz@berkeley.edu
469,Annmaria,aswynleyd0@com.com
470,Craig,cpawseyd1@engadget.com
471,Mariann,mkemmeyd2@wikia.com
472,Irvine,ivearncombd3@google.com.au
473,Darcey,dmattedid4@marketwatch.com
474,Lin,lcheeked5@mysql.com
475,Shelley,sgoulborned6@patch.com
476,Michel,mblissittd7@printfriendly.com
477,Florry,fmcpolind8@meetup.com
478,Wrennie,wretallickd9@ebay.com
479,Ellen,efourcadeda@odnoklassniki.ru
480,Michel,mastlesdb@blogs.com
481,Brunhilde,bstpauldc@vkontakte.ru
482,Catie,cgainsboroughdd@netscape.com
483,Daphene,dsorriede@state.gov
484,Skyler,smanssuerdf@wunderground.com
485,Beret,bwillartondg@mysql.com
486,Celina,cbonallickdh@who.int
487,Gerardo,gollivierredi@surveymonkey.com
488,Dorrie,dmutchdj@icio.us
489,Sean,sscholtisdk@nps.gov
490,Rorie,rbriggdl@bloglovin.com
491,Yorgo,yzimekdm@scribd.com
492,Glen,gprebbledn@a8.net
493,Baldwin,bocallaghando@lulu.com
494,Francklyn,fesbrookdp@bloglines.com
495,Luce,ldeakandq@exblog.jp
496,Mia,mshakeshaftdr@rambler.ru
497,Fredrika,fkaemenads@cbc.ca
498,Francene,flanfaredt@stumbleupon.com
499,Pattie,ptembridgedu@bing.com
500,Flynn,flevittdv@patch.com
501,Nikolai,ndeluzedw@skype.com
502,Tally,tmckevanydx@technorati.com
503,Dulcinea,ddraiseydy@technorati.com
504,Melitta,mdimblebeedz@marketwatch.com
505,Johann,jmcelanee0@i2i.jp
506,Gale,grehore1@sciencedaily.com
507,Fritz,fwalmsleye2@wisc.edu
508,Fabien,fritcharde3@theglobeandmail.com
509,Carlin,cmccoole4@sun.com
510,Felita,floosleye5@vinaora.com
511,Phaidra,pklosere6@livejournal.com
512,Delia,dlindenbaume7@nationalgeographic.com
513,Uta,upancoaste8@alibaba.com
514,Fayth,fclissette9@usa.gov
515,Wilhelmina,wdreakinea@discuz.net
516,Taite,tderyebarretteb@deliciousdays.com
517,Dudley,dcorkanec@dmoz.org
518,Benton,bcallowayed@google.it
519,Verena,vtamesee@mozilla.com
520,Andy,acopnallef@xinhuanet.com
521,Samara,sbyarteg@amazon.de
522,Kele,krosenscheineh@ask.com
523,Guinevere,gleivesleyei@fc2.com
524,Andrej,afernyhoughej@woothemes.com
525,Kenyon,ketoileek@aboutads.info
526,Tiffy,toliverasel@nature.com
527,Avis,amillardem@mac.com
528,Alison,adorbinen@vinaora.com
529,Angeli,akovnoteo@netvibes.com
530,Skelly,sthurmanep@cbsnews.com
531,Benedetto,besbyeq@abc.net.au
532,Clark,cfrewerer@cloudflare.com
533,Angie,agossingtones@1688.com
534,Wandis,wvuitteet@wix.com
535,Marianne,mlittleovereu@edublogs.org
536,Karlene,kmeardonev@parallels.com
537,Mendy,msheeranew@is.gd
538,Diarmid,ddunnetex@who.int
539,Lorrin,lgambelley@auda.org.au
540,Jerry,jliffeez@tmall.com
541,Perceval,pfullalovef0@bandcamp.com
542,Suzann,sbudnikf1@trellian.com
543,Dion,dbonefantf2@microsoft.com
544,Grenville,gmorfettf3@bbb.org
545,Merrel,mspandleyf4@bandcamp.com
546,Blinni,bmcmichanf5@1und1.de
547,Gwenny,geastbyf6@archive.org
548,Averell,agaddief7@jalbum.net
549,Reese,rmccrawf8@senate.gov
550,Anjela,apilchf9@purevolume.com
551,Hilary,hpezeyfa@deviantart.com
552,Dorice,doramfb@macromedia.com
553,Koressa,khowseleefc@unicef.org
554,Angelique,abrownriggfd@ycombinator.com
555,Leeanne,lgeffingerfe@narod.ru
556,Devin,dbrackenridgeff@drupal.org
557,Vernor,vbovisfg@homestead.com
558,Alameda,abielfeltfh@fema.gov
559,Carter,ccouronnefi@tinyurl.com
560,Seth,srawclifffj@tamu.edu
561,Lowell,lwimmerfk@ca.gov
562,Jermayne,jmaffinfl@businessweek.com
563,Dacie,dcadlockfm@sciencedirect.com
564,Natty,ntignerfn@sourceforge.net
565,Sophey,sjayefo@google.co.jp
566,Roxana,rmcphelimyfp@mlb.com
567,Joy,jsetchfieldfq@sbwire.com
568,Napoleon,nbettisonfr@amazon.com
569,Wallas,wellinsfs@istockphoto.com
570,Wilburt,wwiddupft@ycombinator.com
571,Ambros,amechellfu@illinois.edu
572,Candis,cslemmondsfv@nhs.uk
573,Shermy,sstifffw@shop-pro.jp
574,Jay,jendsfx@bloomberg.com
575,Phebe,pelsleyfy@mit.edu
576,Jory,jheiferfz@usnews.com
577,Berenice,bjoeg0@seesaa.net
578,Drucy,dgregorettig1@psu.edu
579,Rosita,rcharnickg2@baidu.com
580,Idell,iygog3@springer.com
581,Paule,poslarg4@npr.org
582,Amabel,aexerg5@bloglines.com
583,Alayne,adumbartong6@issuu.com
584,Martie,mtrinkeg7@feedburner.com
585,Gertrud,gchidzoyg8@pinterest.com
586,Liesa,lloveg9@people.com.cn
587,Jo ann,jwalthallga@slashdot.org
588,Haven,hbremnergb@mapy.cz
589,Fidelity,feglintongc@theatlantic.com
590,Min,mcribbingd@devhub.com
591,Boony,btidmange@ameblo.jp
592,Darelle,dkarppigf@microsoft.com
593,Mahmud,mgallemoregg@nytimes.com
594,Augustine,awillattsgh@cam.ac.uk
595,Goldia,gskitteralgi@europa.eu
596,Lynnelle,lwadelingj@mail.ru
597,Aubry,aswindleygk@parallels.com
598,Helaine,hpilchgl@eventbrite.com
599,Kristian,kmacallangm@nifty.com
600,Shelagh,ssyddallgn@paginegialle.it
601,Dewey,dsteengo@gmpg.org
602,Thibaut,taugargp@geocities.com
603,Amber,askeletongq@marketwatch.com
604,Alfreda,agribblegr@elegantthemes.com
605,Jarvis,jlewardgs@webnode.com
606,Alexandra,adecruzgt@pinterest.com
607,Barbey,bpindargu@narod.ru
608,Ann,ahinnersgv@huffingtonpost.com
609,Emanuele,eambrosigw@gmpg.org
610,Heinrik,hbriatgx@miibeian.gov.cn
611,Lancelot,lbollomgy@discuz.net
612,Andris,anuttergz@privacy.gov.au
613,Fleming,fcuthillh0@ucsd.edu
614,Lorne,lskippenh1@furl.net
615,Toiboid,ttimsh2@unesco.org
616,Allistir,afineyh3@yellowpages.com
617,Bonnee,bvasyuchovh4@lulu.com
618,Aristotle,awallerh5@wisc.edu
619,Welbie,wlerohanh6@posterous.com
620,Violante,vsharplesh7@mac.com
621,Findlay,fsouthamh8@macromedia.com
622,Shannen,steffth9@census.gov
623,Sadye,sdawha@china.com.cn
624,Broderick,beisighb@youku.com
625,Flinn,fpawdenhc@trellian.com
626,Giacomo,gkilminsterhd@fastcompany.com
627,Matthaeus,mrennenbachhe@g.co
628,Pippo,pblindthf@geocities.jp
629,Glory,geydenhg@washington.edu
630,Junette,jhallexhh@forbes.com
631,Jermain,jdolleyhi@aboutads.info
632,Ward,wbresnahanhj@shop-pro.jp
633,Wendel,wscoyleshk@gizmodo.com
634,Felisha,fshegoghl@liveinternet.ru
635,Gerry,gmathewsonhm@xinhuanet.com
636,Elden,egulliventhn@nymag.com
637,Druci,dwiffieldho@accuweather.com
638,Lauryn,lbatistehp@dyndns.org
639,Nickolas,nertelhq@constantcontact.com
640,Loleta,ldemainehr@princeton.edu
641,Yehudit,yvannihs@hao123.com
642,Meggi,mtoplinht@purevolume.com
643,Neron,ndulanyhu@mtv.com
644,Consalve,cpottehv@psu.edu
645,Viola,vubsdalehw@digg.com
646,Edita,eledgisterhx@accuweather.com
647,Ivan,ioslarhy@mapy.cz
648,Royce,rmattimoehz@51.la
649,Gladys,gfilipiaki0@msn.com
650,Pru,pdeaconi1@jalbum.net
651,Stearne,ssabiei2@shop-pro.jp
652,Sosanna,sleheudei3@opensource.org
653,Prisca,ppitceathlyi4@google.nl
654,Michaela,mgranti5@addthis.com
655,Pernell,pchillingworthi6@theguardian.com
656,Emmie,egallamorei7@irs.gov
657,Eben,efaucherandi8@examiner.com
658,Christi,czimai9@nationalgeographic.com
659,Phelia,pphilbinia@dropbox.com
660,Elsworth,eaustonib@nymag.com
661,Abdel,acallardic@taobao.com
662,Elka,eparnabyid@flickr.com
663,Shep,scolbyie@apple.com
664,Vinny,vdigiacomettinoif@dot.gov
665,Georgi,gquantickig@cyberchimps.com
666,Denney,dmustardeih@dyndns.org
667,Hamlin,hwraightii@umn.edu
668,Broderick,bivankinij@adobe.com
669,Kial,ksommertonik@java.com
670,Kalinda,krowaszkiewiczil@phoca.cz
671,Nikita,nleacyim@bloomberg.com
672,Jamison,jinkpenin@webeden.co.uk
673,Shina,sjanceyio@joomla.org
674,Gunter,gkmicickiip@mac.com
675,Meridel,msapenaiq@google.co.jp
676,Margaretha,mcorpsir@jimdo.com
677,Helaine,hdodmanis@gizmodo.com
678,Janella,jgrandhamit@irs.gov
679,Nannette,ngoldsworthyiu@etsy.com
680,Alexandro,aseymarkiv@digg.com
681,Ario,akittoeiw@artisteer.com
682,Welsh,wcicconettiix@drupal.org
683,Bobby,bkendleiy@umich.edu
684,Chiquia,cmcwhinneyiz@so-net.ne.jp
685,Alard,abalinej0@goodreads.com
686,Monte,msurplicej1@cdc.gov
687,Murdock,mreddochj2@pbs.org
688,Crysta,ctwinbournej3@eventbrite.com
689,Derrik,dmacmaykinj4@360.cn
690,Hedwig,hhavikj5@wired.com
691,Marchelle,mkilshawj6@chronoengine.com
692,Ethan,efrancomj7@dell.com
693,Nadya,nhuygensj8@bloomberg.com
694,Marcelia,mbrinklerj9@soundcloud.com
695,Niels,nconstanceja@bluehost.com
696,Shermie,sgodlontonjb@vistaprint.com
697,Ryon,rnayshejc@spiegel.de
698,Heddi,hbeazeyjd@digg.com
699,Vanda,vepslyje@cdbaby.com
700,Corina,ccroizierjf@paginegialle.it
701,Emmey,egosnoldjg@xing.com
702,Simeon,scourtmanjh@skype.com
703,Saunder,smullinerji@apple.com
704,Stanislas,santrobusjj@engadget.com
705,Arlette,aromainesjk@mozilla.org
706,Bastian,bkoptajl@wikimedia.org
707,Basile,bknightsbridgejm@wsj.com
708,Adah,acarssjn@comcast.net
709,Suzann,srozzierjo@mapquest.com
710,Berri,bhenlonjp@i2i.jp
711,Burton,bbernoletjq@columbia.edu
712,Worth,wfulstowjr@storify.com
713,Craig,cgolderjs@ca.gov
714,Persis,pwalshejt@hatena.ne.jp
715,Donny,danteckiju@feedburner.com
716,Niles,nbarrattjv@reddit.com
717,Lib,lespinheirajw@whitehouse.gov
718,Nilson,ngoodbarjx@mapquest.com
719,Aubrey,akingslandjy@baidu.com
720,Redford,rcoanjz@wordpress.com
721,Shirl,sruek0@imdb.com
722,Patricia,ptourotk1@liveinternet.ru
723,Julianna,jaskemk2@answers.com
724,Vivian,vberlink3@comsenz.com
725,Brooke,bspeeksk4@i2i.jp
726,Savina,skuhnek5@lulu.com
727,Merrie,mleishmank6@walmart.com
728,Delano,dseatonk7@zimbio.com
729,Nadiya,ngissingk8@mozilla.org
730,Bax,bplewrightk9@cloudflare.com
731,Marshal,mharcourtka@unblog.fr
732,Melisent,mduggankb@senate.gov
733,Sherye,secclesallkc@tumblr.com
734,Myer,motimonykd@nih.gov
735,Herrick,htuckwoodke@spiegel.de
736,Brigid,bconerskf@ehow.com
737,Cary,cbeetlestonekg@arstechnica.com
738,Leandra,ltillykh@rediff.com
739,Silvana,sgarmonki@ted.com
740,Elenore,emayzeskj@fema.gov
741,Tracie,tkunkk@cnbc.com
742,Lotty,ldancekl@oracle.com
743,Waiter,wtanzerkm@over-blog.com
744,Elfreda,epashbykn@businesswire.com
745,Lynde,lmassenko@macromedia.com
746,Dolly,dtillkp@imageshack.us
747,Kerri,kklimmekkq@businesswire.com
748,Dinah,debornkr@jimdo.com
749,Giulio,geubankks@unblog.fr
750,Valentino,vduxburykt@edublogs.org
751,Jaquelyn,jorisku@diigo.com
752,Prue,pjakubovitchkv@dropbox.com
753,Fenelia,fwinsomekw@weather.com
754,Marybelle,mpearcehousekx@zdnet.com
755,Mano,mmatthewesky@4shared.com
756,Merridie,mbuchamkz@blogger.com
757,Herculie,hscramagel0@sogou.com
758,Fania,fanthaml1@ask.com
759,Guinna,gwroel2@cornell.edu
760,Colly,crenalsl3@bandcamp.com
761,Karee,kpurdiel4@washingtonpost.com
762,Bella,bjollimanl5@free.fr
763,Jere,jsharplesl6@rakuten.co.jp
764,Mannie,mkarlicekl7@people.com.cn
765,Barb,bquittondenl8@gizmodo.com
766,Hinze,hcandyl9@walmart.com
767,Avigdor,alovejoyla@upenn.edu
768,Heywood,hblezardlb@marriott.com
769,Ronnie,rgimenolc@who.int
770,Illa,ihaccletonld@businessinsider.com
771,Ralf,rramsdalele@skype.com
772,Debor,dblakeneylf@odnoklassniki.ru
773,Isabelita,icrownshawlg@deviantart.com
774,Nicolas,nkluliceklh@psu.edu
775,Morganne,mvargali@pen.io
776,Karlis,khickissonlj@networkadvertising.org
777,Doretta,dmckimmielk@altervista.org
778,Elisabetta,emakenll@booking.com
779,Isidore,ikeallm@privacy.gov.au
780,Marketa,mmcpeetersln@bloomberg.com
781,Gilberte,goxbelo@fastcompany.com
782,Randie,rollerenshawlp@taobao.com
783,Harriette,hblakesleelq@bing.com
784,Tamas,teastamlr@paypal.com
785,Eunice,esoreyls@altervista.org
786,Ezechiel,ecorbertlt@telegraph.co.uk
787,Dasi,divanyutinlu@state.gov
788,Rolando,rtwinninglv@msu.edu
789,Grethel,gsandarslw@telegraph.co.uk
790,Caria,cmearnslx@gnu.org
791,Melvin,mgerwoodly@aboutads.info
792,Oliy,olavingtonlz@buzzfeed.com
793,Emlyn,epogosianm0@google.com.hk
794,Kendall,kparnbym1@smugmug.com
795,Honey,harchellm2@nasa.gov
796,Holli,hbedomem3@craigslist.org
797,Ursa,uhargiem4@prnewswire.com
798,Allissa,abattisonm5@hexun.com
799,Marlo,mtedridgem6@nih.gov
800,Jeane,jadamecm7@amazon.co.jp
801,Beau,bclissellm8@mapy.cz
802,Zandra,zwimmerm9@statcounter.com
803,Whitby,wglasermanma@biblegateway.com
804,Niall,nmateevmb@globo.com
805,Sophia,szutemc@sciencedirect.com
806,Kizzee,ksuffemd@youku.com
807,Griswold,gschultesme@statcounter.com
808,Kati,krearymf@weebly.com
809,Derry,dcowlmg@who.int
810,Read,rspurdenmh@pcworld.com
811,Lennie,lsurphlissmi@pagesperso-orange.fr
812,Isidore,iwaldiemj@dell.com
813,Wallas,wbrittomk@ustream.tv
814,Ruben,rlyonml@pen.io
815,Tabatha,tcastelynmm@ftc.gov
816,Karney,kmcmurtymn@arstechnica.com
817,Amelita,acousinmo@state.tx.us
818,Shay,sgallantmp@opensource.org
819,Maryellen,mtiplingmq@nature.com
820,Aland,apervoemr@usa.gov
821,Horst,hmelatoms@1und1.de
822,Carolee,chousecraftmt@eventbrite.com
823,Vale,vvanderkruimu@va.gov
824,Rahal,rwaplesmv@umn.edu
825,Lenard,lkitemw@wikia.com
826,Michal,mchampkinmx@istockphoto.com
827,Rickert,rfarishmy@umn.edu
828,Madelle,mantonazzimz@cnn.com
829,Helene,hosherinn0@eepurl.com
830,Donn,dtoombesn1@twitpic.com
831,Arturo,aforsonn2@guardian.co.uk
832,Dody,ddeboldn3@ibm.com
833,Welsh,wdudinn4@altervista.org
834,Susie,swalklotn5@google.fr
835,Luciano,lliffeyn6@yahoo.com
836,Sofie,smotton7@answers.com
837,Reed,rcrocettin8@domainmarket.com
838,Erinna,egeindren9@ifeng.com
839,Chiarra,chaleyna@icio.us
840,Moses,mliptrotnb@auda.org.au
841,Marylinda,mpepyenc@blogspot.com
842,Alberik,amundennd@biblegateway.com
843,Jacquie,jkarmelne@wordpress.org
844,Elsey,ejaegginf@woothemes.com
845,Jodi,jpecholdng@ucoz.com
846,Dominica,dpittolinh@sina.com.cn
847,Layton,ljachimiakni@squarespace.com
848,Isidor,ifolgernj@elegantthemes.com
849,Brennen,bwycliffenk@woothemes.com
850,Decca,dinstonenl@umich.edu
851,Aurora,ashardlownm@networkadvertising.org
852,Issiah,iemblennn@odnoklassniki.ru
853,Cesare,cpetegrewno@google.ca
854,Karisa,kdibleynp@cornell.edu
855,Torry,tbevesnq@de.vu
856,Bernie,bhubynr@soundcloud.com
857,Samantha,skleinhausenns@freewebs.com
858,Bobbette,bdomenicont@php.net
859,Waylin,wyushkovnu@fastcompany.com
860,Morgen,mlinklaternv@facebook.com
861,Oliy,oparkynsnw@cpanel.net
862,Randolf,rsinottnx@ovh.net
863,Carlynn,cberntssenny@angelfire.com
864,Jimmy,jscherernz@wikispaces.com
865,Far,fhealeyo0@columbia.edu
866,Claudia,cdesortso1@google.fr
867,Annamaria,asilversmidto2@ebay.com
868,Moyra,mpassoo3@jugem.jp
869,Brandais,blawtyo4@jigsy.com
870,Morgen,mmccorryo5@blogtalkradio.com
871,Ilysa,inorcliffo6@amazonaws.com
872,Dalis,dstaintonskinno7@discovery.com
873,Sally,sjaquino8@adobe.com
874,Jada,jswiffano9@tiny.cc
875,Fidela,froughanoa@digg.com
876,Dilan,droskamsob@paginegialle.it
877,Darcee,dburnhamsoc@about.me
878,Prue,poduilleainod@smh.com.au
879,Issy,itauntonoe@unicef.org
880,Domeniga,dormshawof@spiegel.de
881,Rodolphe,rproomog@statcounter.com
882,Adlai,ajantzenoh@huffingtonpost.com
883,Alfie,asainsberryoi@oakley.com
884,Filippo,fwhacketoj@google.fr
885,Stormie,ssillitook@bloglovin.com
886,Yetty,yeiteol@technorati.com
887,Noelle,nthreaderom@miibeian.gov.cn
888,Doralynne,ddutnallon@ucla.edu
889,Sholom,sdominicaccioo@shop-pro.jp
890,Brunhilde,bbellonop@java.com
891,Caspar,ctourvilleoq@ebay.com
892,Quintana,qconenor@kickstarter.com
893,Glynda,gstatenos@spotify.com
894,Rossie,rsaillot@ow.ly
895,Marris,mstirtleou@yahoo.com
896,Pierrette,plawranceov@prweb.com
897,Helaina,heselow@businessinsider.com
898,Natalya,noxbyox@nydailynews.com
899,Viki,vpidwelloy@nationalgeographic.com
900,Lena,lgorgleroz@symantec.com
901,Lamond,lbryningp0@creativecommons.org
902,Peggi,pstorekp1@macromedia.com
903,Michal,mgarlingp2@sphinn.com
904,Mickie,myaknovp3@w3.org
905,Osbourn,odevillep4@reverbnation.com
906,Dalli,dchanderp5@mozilla.org
907,Bone,ballbonesp6@berkeley.edu
908,Pansie,pshapirop7@hud.gov
909,Dacie,dantonognolip8@gmpg.org
910,Stella,sbiggadikep9@fotki.com
911,Andra,acellepa@weebly.com
912,Ariela,akencottpb@ihg.com
913,Charita,cstreatpc@hexun.com
914,Kesley,kjennypd@webmd.com
915,Lukas,lstiantpe@sohu.com
916,Daphene,dleekpf@princeton.edu
917,Kelly,koluneypg@issuu.com
918,Dale,dgudginph@symantec.com
919,Nataline,nadolfsonpi@livejournal.com
920,Rodney,rfirebracepj@blinklist.com
921,Zonnya,zmcloughlinpk@sitemeter.com
922,Beverlee,bcordeaupl@telegraph.co.uk
923,Upton,urapppm@pbs.org
924,Linoel,lmccaffreypn@state.gov
925,Malanie,mcuseickpo@aol.com
926,Melisande,mshurmanpp@vk.com
927,Catherina,chariotpq@blogger.com
928,Andreana,amellypr@tuttocitta.it
929,Janeczka,jflementps@apple.com
930,Lebbie,lseabridgept@npr.org
931,Jarid,jbreedypu@sbwire.com
932,Adams,awhipplepv@free.fr
933,Blakelee,bwarringtonpw@forbes.com
934,Scarface,sthurnerpx@sbwire.com
935,Rory,rthwaitespy@cloudflare.com
936,Cybill,ctenbrugpz@gnu.org
937,Edd,elemmerq0@surveymonkey.com
938,Martyn,mmuddimerq1@cbc.ca
939,Lynelle,lbuddleq2@usgs.gov
940,Roda,rbatthewq3@artisteer.com
941,Halli,hellicottq4@tuttocitta.it
942,Courtney,cmacandreisq5@google.es
943,Rivalee,rcalderheadq6@plala.or.jp
944,Grant,gdowardq7@skype.com
945,Chantal,ccustanceq8@bloglines.com
946,Jodie,jbasterfieldq9@google.co.uk
947,Lindsay,lrenneyqa@yahoo.co.jp
948,Ron,rdaltonqb@webnode.com
949,Temple,traggittqc@digg.com
950,Larine,lvonhindenburgqd@vkontakte.ru
951,Stepha,satwaterqe@ucla.edu
952,Sheridan,sflancinbaumqf@upenn.edu
953,Jocelin,jbeddingqg@cbc.ca
954,Pascal,pblazewskiqh@marriott.com
955,Waldo,wbraamqi@ebay.co.uk
956,Roby,rfolkardqj@baidu.com
957,Henryetta,hmayoralqk@earthlink.net
958,Myrtice,mcreaseyql@nbcnews.com
959,Mari,mceschelliqm@clickbank.net
960,Cammy,cradmoreqn@narod.ru
961,Faustine,fstickleyqo@posterous.com
962,Vaughan,velcombqp@rakuten.co.jp
963,Claresta,cmackeegqq@squidoo.com
964,Beverlie,bwiskarqr@hao123.com
965,Alfredo,abummfreyqs@aboutads.info
966,Cassie,cholleworthqt@fc2.com
967,Cordell,ctrappqu@mysql.com
968,Raf,rbergeqv@alibaba.com
969,Ilysa,igrigoliisqw@ihg.com
970,Orin,obeterissqx@simplemachines.org
971,Hughie,hcockramqy@fotki.com
972,Josy,jhaggerwoodqz@cargocollective.com
973,Bertrando,bwibrewr0@meetup.com
974,Bayard,bkimmittr1@telegraph.co.uk
975,Morgan,mskewsr2@shareasale.com
976,Clay,cbirdisr3@indiegogo.com
977,Tibold,tcouzensr4@blinklist.com
978,Daisy,dpeyesr5@dion.ne.jp
979,Abbott,acollcuttr6@smugmug.com
980,Cris,cpeschker7@state.gov
981,Stacy,sdevaenr8@addthis.com
982,Dusty,dlenoirer9@yolasite.com
983,Lucio,lesserra@cbc.ca
984,Stearn,skikerb@stanford.edu
985,Feodor,fhagstonerc@google.com.hk
986,Shina,sarnollrd@google.de
987,Freida,fwillimentre@themeforest.net
988,Sheelah,skobierzyckirf@google.it
989,Meryl,myeuletrg@tuttocitta.it
990,Cyrillus,cyellowleyrh@ucsd.edu
991,Shayla,svoffri@ow.ly
992,Suellen,sjorckrj@buzzfeed.com
993,Cleon,ckilmurryrk@time.com
994,Teressa,tlomenrl@arizona.edu
995,Welbie,wpullerrm@bravesites.com
996,Tiffi,tcasazzarn@quantcast.com
997,Tamra,tbenkoro@unc.edu
998,Edd,ehakonssonrp@cbsnews.com
999,Erminie,egandyrq@statcounter.com
1000,Fernande,fconsidinerr@uiuc.edu
